id,status,created_at,updated_at
1,done,2025-11-30T11:44:04.935344,2025-11-30T11:45:22.339534
2,done,2025-11-30T11:44:05.005408,2025-11-30T11:45:22.419830
3,done,2025-11-30T11:44:05.072421,2025-11-30T11:45:22.460877
4,done,2025-11-30T11:44:05.141338,2025-11-30T11:45:22.501519
5,done,2025-11-30T11:44:05.208034,2025-11-30T11:45:52.356370
6,done,2025-11-30T11:44:05.277387,2025-11-30T11:45:52.445278
7,done,2025-11-30T11:44:05.346489,2025-11-30T11:45:52.484892
8,done,2025-11-30T11:44:05.414391,2025-11-30T11:45:52.525013
9,done,2025-11-30T11:44:05.481545,2025-11-30T11:46:22.374285
10,done,2025-11-30T11:44:05.549815,2025-11-30T11:46:22.470933
11,done,2025-11-30T11:44:05.615599,2025-11-30T11:46:22.509108
12,done,2025-11-30T11:44:05.682486,2025-11-30T11:46:22.550561
13,done,2025-11-30T11:44:05.748233,2025-11-30T11:46:52.392856
14,done,2025-11-30T11:44:05.816163,2025-11-30T11:46:52.495815
15,done,2025-11-30T11:44:05.882782,2025-11-30T11:46:52.534115
16,done,2025-11-30T11:44:05.952858,2025-11-30T11:46:52.573249
17,done,2025-11-30T11:44:06.019416,2025-11-30T11:47:22.410464
18,done,2025-11-30T11:44:06.077609,2025-11-30T11:47:22.518053
19,done,2025-11-30T11:44:06.140337,2025-11-30T11:47:22.557115
20,done,2025-11-30T11:44:06.201348,2025-11-30T11:47:22.596434
21,done,2025-11-30T11:44:06.262091,2025-11-30T11:47:52.429144
22,done,2025-11-30T11:44:06.322436,2025-11-30T11:47:52.540875
23,done,2025-11-30T11:44:06.382615,2025-11-30T11:47:52.579481
24,done,2025-11-30T11:44:06.446027,2025-11-30T11:47:52.620531
25,done,2025-11-30T11:44:06.510599,2025-11-30T11:48:22.446429
26,done,2025-11-30T11:44:06.575065,2025-11-30T11:48:22.565825
27,done,2025-11-30T11:44:06.634362,2025-11-30T11:48:22.604358
28,done,2025-11-30T11:44:06.695921,2025-11-30T11:48:22.642780
29,done,2025-11-30T11:44:06.766969,2025-11-30T11:48:52.464366
30,done,2025-11-30T11:44:06.836092,2025-11-30T11:48:52.591257
31,done,2025-11-30T11:44:06.903614,2025-11-30T11:48:52.629516
32,done,2025-11-30T11:44:06.972624,2025-11-30T11:48:52.665436
33,done,2025-11-30T11:44:07.041441,2025-11-30T11:49:22.481090
34,done,2025-11-30T11:44:07.102734,2025-11-30T11:49:22.616108
35,done,2025-11-30T11:44:07.165235,2025-11-30T11:49:22.651137
36,done,2025-11-30T11:44:07.230668,2025-11-30T11:49:22.689296
37,done,2025-11-30T11:44:07.309608,2025-11-30T11:49:52.499451
38,done,2025-11-30T11:44:07.382486,2025-11-30T11:49:52.638460
39,done,2025-11-30T11:44:07.449735,2025-11-30T11:49:52.677693
40,done,2025-11-30T11:44:07.516997,2025-11-30T11:49:52.714708
41,done,2025-11-30T11:44:07.584298,2025-11-30T11:50:22.517820
42,done,2025-11-30T11:44:07.666706,2025-11-30T11:50:22.665306
43,done,2025-11-30T11:44:07.731178,2025-11-30T11:50:22.700814
44,done,2025-11-30T11:44:07.797318,2025-11-30T11:50:22.739035
45,done,2025-11-30T11:44:07.865220,2025-11-30T11:50:52.535210
46,done,2025-11-30T11:44:07.936015,2025-11-30T11:50:52.691830
47,done,2025-11-30T11:44:08.001226,2025-11-30T11:50:52.722715
48,done,2025-11-30T11:44:08.091194,2025-11-30T11:50:52.762457
49,done,2025-11-30T11:44:08.176080,2025-11-30T11:51:22.554739
50,done,2025-11-30T11:44:08.256459,2025-11-30T11:51:22.719483
51,done,2025-11-30T11:44:08.336800,2025-11-30T11:51:22.748425
52,done,2025-11-30T11:44:08.425630,2025-11-30T11:51:22.786614
53,done,2025-11-30T11:44:08.489967,2025-11-30T11:51:52.572167
54,done,2025-11-30T11:44:08.561115,2025-11-30T11:51:52.746205
55,done,2025-11-30T11:44:08.637448,2025-11-30T11:51:52.774059
56,done,2025-11-30T11:44:08.729043,2025-11-30T11:51:52.810535
57,done,2025-11-30T11:44:08.824066,2025-11-30T11:52:22.590190
58,done,2025-11-30T11:44:08.920117,2025-11-30T11:52:22.772312
59,done,2025-11-30T11:44:08.994804,2025-11-30T11:52:22.799626
60,done,2025-11-30T11:44:09.062624,2025-11-30T11:52:22.834428
61,done,2025-11-30T11:44:09.149189,2025-11-30T11:52:52.609818
62,done,2025-11-30T11:44:09.215285,2025-11-30T11:52:52.798144
63,done,2025-11-30T11:44:09.280136,2025-11-30T11:52:52.826062
64,done,2025-11-30T11:44:09.353583,2025-11-30T11:52:52.859402
65,done,2025-11-30T11:44:09.423041,2025-11-30T11:53:22.627748
66,done,2025-11-30T11:44:09.507772,2025-11-30T11:53:22.825461
67,done,2025-11-30T11:44:09.584206,2025-11-30T11:53:22.850333
68,done,2025-11-30T11:44:09.645705,2025-11-30T11:53:22.882591
69,done,2025-11-30T11:44:09.715055,2025-11-30T11:53:52.644126
70,done,2025-11-30T11:44:09.790530,2025-11-30T11:53:52.852069
71,done,2025-11-30T11:44:09.860674,2025-11-30T11:53:52.874764
72,done,2025-11-30T11:44:09.928039,2025-11-30T11:53:52.907638
73,done,2025-11-30T11:44:09.995277,2025-11-30T11:54:22.659767
74,done,2025-11-30T11:44:10.068487,2025-11-30T11:54:22.876244
75,done,2025-11-30T11:44:10.137949,2025-11-30T11:54:22.897345
76,done,2025-11-30T11:44:10.204001,2025-11-30T11:54:22.932307
77,done,2025-11-30T11:44:10.272665,2025-11-30T11:54:52.676799
78,done,2025-11-30T11:44:10.340332,2025-11-30T11:54:52.899138
79,done,2025-11-30T11:44:10.409193,2025-11-30T11:54:53.927826
80,done,2025-11-30T11:44:10.477336,2025-11-30T11:54:52.955657
81,done,2025-11-30T11:44:10.544242,2025-11-30T11:55:22.694655
82,done,2025-11-30T11:44:10.611483,2025-11-30T11:55:22.929255
83,done,2025-11-30T11:44:10.672535,2025-11-30T11:55:22.980185
84,done,2025-11-30T11:44:10.736236,2025-11-30T11:55:23.955219
85,done,2025-11-30T11:44:10.802222,2025-11-30T11:55:52.713747
86,done,2025-11-30T11:44:10.872492,2025-11-30T11:55:52.951948
87,done,2025-11-30T11:44:10.942814,2025-11-30T11:55:53.007241
88,done,2025-11-30T11:44:11.009319,2025-11-30T11:55:53.982591
89,done,2025-11-30T11:44:11.076040,2025-11-30T11:56:22.731736
90,done,2025-11-30T11:44:11.143919,2025-11-30T11:56:22.980389
91,done,2025-11-30T11:44:11.209613,2025-11-30T11:56:23.032285
92,done,2025-11-30T11:44:11.277372,2025-11-30T11:56:24.012439
93,done,2025-11-30T11:44:11.345487,2025-11-30T11:56:52.749358
94,done,2025-11-30T11:44:11.411984,2025-11-30T11:56:53.005601
95,done,2025-11-30T11:44:11.483072,2025-11-30T11:56:53.056789
96,done,2025-11-30T11:44:11.551436,2025-11-30T11:56:54.039105
97,done,2025-11-30T11:44:11.619259,2025-11-30T11:57:22.765184
98,done,2025-11-30T11:44:11.682804,2025-11-30T11:57:23.021071
99,done,2025-11-30T11:44:11.756095,2025-11-30T11:57:23.070825
100,done,2025-11-30T11:44:11.832473,2025-11-30T11:57:24.057377
